id,reviewer_id,sample_id,smell,severity,review_timestamp,type,code_name,repository,commit_hash,path,start_line,end_line,link,is_from_industry_relevant_project,code_snippet
2234,3,8997948,long method,minor,2019-04-01 13:31:57.013631,function,org.apache.lucene.analysis.ja.util.CharacterDefinitionWriter#write String,git@github.com:apache/lucene-solr.git,bca22d58e2d126ec6d349d375d3ea028892104e1,/lucene/analysis/kuromoji/src/tools/java/org/apache/lucene/analysis/ja/util/CharacterDefinitionWriter.java,73,93,https://github.com/apache/lucene-solr/blob/bca22d58e2d126ec6d349d375d3ea028892104e1/lucene/analysis/kuromoji/src/tools/java/org/apache/lucene/analysis/ja/util/CharacterDefinitionWriter.java/#L73-L93,1,2
4936,20,7617518,data class,minor,2019-04-12 14:42:11.212265,class,org.springframework.ide.eclipse.wizard.template.infrastructure.ui.WizardUIInfoPage,git@github.com:spring-projects/spring-ide.git,915fe9bffd50db45ee0b8fb993416e45dee68179,/plugins/org.springframework.ide.eclipse.wizard/src/org/springframework/ide/eclipse/wizard/template/infrastructure/ui/WizardUIInfoPage.java,18,39,https://github.com/spring-projects/spring-ide/blob/915fe9bffd50db45ee0b8fb993416e45dee68179/plugins/org.springframework.ide.eclipse.wizard/src/org/springframework/ide/eclipse/wizard/template/infrastructure/ui/WizardUIInfoPage.java/#L18-L39,1,3
3061,14,7186067,feature envy,critical,2019-04-05 12:31:24.275918,function,com.oracle.bmc.budget.model.CreateBudgetDetails.Builder#build,git@github.com:oracle/oci-java-sdk.git,76e9cecd7b309d9f12e5efe96c74167c66a98872,/bmc-budget/src/main/java/com/oracle/bmc/budget/model/CreateBudgetDetails.java,103,116,https://github.com/oracle/oci-java-sdk/blob/76e9cecd7b309d9f12e5efe96c74167c66a98872/bmc-budget/src/main/java/com/oracle/bmc/budget/model/CreateBudgetDetails.java/#L103-L116,1,4
742,10,6299837,feature envy,major,2019-03-29 12:40:50.950972,function,org.eclipse.jetty.websocket.common.util.ReflectUtils.resolveGenericRef GenericRef|Class<?>|Type,git@github.com:eclipse/jetty.project.git,65528f76c5ef6ddca11385f9721c8f0bc5f2eed7,/jetty-websocket/websocket-common/src/main/java/org/eclipse/jetty/websocket/common/util/ReflectUtils.java,189,225,https://github.com/eclipse/jetty.project/blob/65528f76c5ef6ddca11385f9721c8f0bc5f2eed7/jetty-websocket/websocket-common/src/main/java/org/eclipse/jetty/websocket/common/util/ReflectUtils.java/#L189-L225,1,5
755,4,6328221,feature envy,none,2019-03-29 13:05:59.410873,function,org.eclipse.kura.web.shared.GwtKuraException#format String|Object[],git@github.com:eclipse/kura.git,5e9f3e3d03c8a9cc7857b3fb9080b256821bb32a,/kura/org.eclipse.kura.web2/src/main/java/org/eclipse/kura/web/shared/GwtKuraException.java,148,165,https://github.com/eclipse/kura/blob/5e9f3e3d03c8a9cc7857b3fb9080b256821bb32a/kura/org.eclipse.kura.web2/src/main/java/org/eclipse/kura/web/shared/GwtKuraException.java/#L148-L165,1,6
9748,10,7942242,data class,critical,2019-07-24 11:16:05.320191,class,org.eclipse.texlipse.builder.XelatexRunner,git@github.com:eclipse/texlipse.git,1bc72f856d4144ad0bc9baaa9575457bd7b68e1a,/org.eclipse.texlipse/source/org/eclipse/texlipse/builder/XelatexRunner.java,20,55,https://github.com/eclipse/texlipse/blob/1bc72f856d4144ad0bc9baaa9575457bd7b68e1a/org.eclipse.texlipse/source/org/eclipse/texlipse/builder/XelatexRunner.java/#L20-L55,1,7
777,10,6312810,data class,none,2019-03-29 13:10:08.130332,class,org.eclipse.kapua.service.job.execution.internal.JobExecutionFactoryImpl,git@github.com:eclipse/kapua.git,11e610c657f7e473b52882833e33a2261bd3d67d,/service/job/internal/src/main/java/org/eclipse/kapua/service/job/execution/internal/JobExecutionFactoryImpl.java,28,51,https://github.com/eclipse/kapua/blob/11e610c657f7e473b52882833e33a2261bd3d67d/service/job/internal/src/main/java/org/eclipse/kapua/service/job/execution/internal/JobExecutionFactoryImpl.java/#L28-L51,1,8
10122,3,8494231,long method,major,2019-07-25 12:52:52.844246,function,com.cloud.resource.ResourceManagerImpl#discoverHosts AddHostCmd,git@github.com:apache/cloudstack.git,8d3feb100aab4a45b31a789f444038b892161eec,/server/src/main/java/com/cloud/resource/ResourceManagerImpl.java,573,611,https://github.com/apache/cloudstack/blob/8d3feb100aab4a45b31a789f444038b892161eec/server/src/main/java/com/cloud/resource/ResourceManagerImpl.java/#L573-L611,1,9
1994,3,3922485,feature envy,minor,2019-04-01 10:45:52.531489,function,org.apache.aries.rsa.provider.fastbin.tcp.TcpTransport#connected SocketChannel,git@github.com:apache/aries-rsa.git,f5aa5ca62c3948d7e471c3a839089180650cf4f2,/provider/fastbin/src/main/java/org/apache/aries/rsa/provider/fastbin/tcp/TcpTransport.java,150,163,https://github.com/apache/aries-rsa/blob/f5aa5ca62c3948d7e471c3a839089180650cf4f2/provider/fastbin/src/main/java/org/apache/aries/rsa/provider/fastbin/tcp/TcpTransport.java/#L150-L163,1,10
2738,20,4092105,long method,critical,2019-04-05 12:08:06.763831,function,org.apache.asterix.transaction.management.service.logging.LogManager#getOrderedLogFileIds,git@github.com:apache/asterixdb.git,223d13a06c4a4a58408aeac19674ac1f36f5ff35,/asterixdb/asterix-transactions/src/main/java/org/apache/asterix/transaction/management/service/logging/LogManager.java,440,466,https://github.com/apache/asterixdb/blob/223d13a06c4a4a58408aeac19674ac1f36f5ff35/asterixdb/asterix-transactions/src/main/java/org/apache/asterix/transaction/management/service/logging/LogManager.java/#L440-L466,1,11
813,4,6457553,long method,none,2019-03-29 13:13:04.363218,function,org.apache.jasper.compiler.ParserController#getPageEncodingFromDirective Attributes|String,git@github.com:eclipse/packagedrone.git,3869c1643cdc6f7cb8b26097a7b6994683b13d7e,/bundles/org.apache.jasper.glassfish/src/org/apache/jasper/compiler/ParserController.java,550,568,https://github.com/eclipse/packagedrone/blob/3869c1643cdc6f7cb8b26097a7b6994683b13d7e/bundles/org.apache.jasper.glassfish/src/org/apache/jasper/compiler/ParserController.java/#L550-L568,1,12
3255,20,4066245,data class,major,2019-04-05 12:47:28.162493,class,org.apache.beam.sdk.io.cassandra.CassandraIO.Write.Builder,git@github.com:apache/beam.git,a956ff77a8448e5f2c12f6695fec608348b5ab60,/sdks/java/io/cassandra/src/main/java/org/apache/beam/sdk/io/cassandra/CassandraIO.java,936,957,https://github.com/apache/beam/blob/a956ff77a8448e5f2c12f6695fec608348b5ab60/sdks/java/io/cassandra/src/main/java/org/apache/beam/sdk/io/cassandra/CassandraIO.java/#L936-L957,1,13